province,Count,Total_Area_km2,Mean_Area_km2,Median_Area_km2
xinjiang,281,430.47841608,1.53195166,0.42887484
qinghai,75,405.86179156,5.41149055,0.18843093
ningxia,252,341.48221606,1.35508816,0.07373694
gansu,215,333.93510464,1.55318653,0.24050895
hebei,719,284.23712485,0.39532284,0.0963412
Inner_Mongolia,553,267.46986352,0.48367064,0.16022777
shanxi,951,263.78198081,0.27737327,0.01551829
hubei,519,236.59586153,0.45586871,0.06141452
shandong,443,215.42404449,0.48628452,0.1658967
anhui,887,175.19014366,0.19750862,0.02716195
jiangsu,980,161.7280145,0.16502859,0.02208077
yunnan,216,154.90603937,0.71715759,0.27431274
guizhou,296,149.08824874,0.50367652,0.11205881
shaanxi,198,136.62939563,0.69004745,0.25978823
zhejiang,1035,132.43207077,0.12795369,0.01417064
guangdong,753,121.00270778,0.16069417,0.02994935
jiangxi,633,118.27149199,0.1868428,0.04319475
henan,366,100.35289235,0.27418823,0.03582214
liaoning,311,77.54580303,0.24934342,0.07229195
guangxi,313,62.35636649,0.19922162,0.04646907
jilin,310,60.55260659,0.19533099,0.0253817
heilongjiang,170,55.43652561,0.32609721,0.09530411
tianjin,68,53.36033619,0.78471083,0.21923642
hunan,233,42.58043784,0.18274866,0.02942149
sichuan,134,37.33801122,0.27864187,0.01018101
hainan,139,30.74703946,0.22120172,0.01478225
xizang,74,23.68679142,0.32009178,0.22829721
taiwan,91,19.66496084,0.21609847,0.03490064
fujian,145,11.55118168,0.07966332,0.02032169
chongqing,70,9.54778491,0.13639693,0.02267474
shanghai,123,5.11908827,0.0416186,0.01366737
beijing,20,1.98074813,0.09903741,0.06640894
hong_kong,56,0.09769394,0.00174453,0.0008144
macao,7,0.03804104,0.00543443,0.00383653
